intersection_id,crash_count,exposure
176268014,2,150000
176268028,0,80000
176269017,1,120000
176274090,3,200000
176275196,0,90000
176275201,5,250000
177266031,1,110000
177267010,2,160000
177267087,0,70000
177268025,4,220000
177273031,1,130000
177273035,3,180000
177273045,0,60000
177273046,2,140000
177273178,1,100000
177274013,0,95000
178272015,6,300000
178272159,1,115000
178273112,2,170000
179272027,0,75000
179272092,3,210000
179273008,1,125000
